FullTypeName,Assembly,ScriptAssetPath,LooksLikeSingleton,LooksLikeAudioBackbone,LooksLikeManager,Notes
EquipmentController,Assembly-CSharp,Assets/Scripts/Framework/EquipmentController.cs,FALSE,FALSE,TRUE,Manager/Controller-heuristic;
Obi.SampleCharacterController,Assembly-CSharp,Assets/Obi/Samples/Common/SampleResources/Scripts/CharacterController/SampleCharacterController.cs,FALSE,FALSE,TRUE,Manager/Controller-heuristic;
Unity.VisualScripting.UnityOnControllerColliderHitMessageListener,Unity.VisualScripting.Core,Packages/com.unity.visualscripting/Runtime/VisualScripting.Core/Listeners/MonoBehaviour/UnityOnControllerColliderHitMessageListener.cs,FALSE,FALSE,TRUE,Manager/Controller-heuristic;
UnityEngine.InputSystem.EnhancedTouch.TouchSimulation,Unity.InputSystem,Packages/com.unity.inputsystem/InputSystem/Plugins/EnhancedTouch/TouchSimulation.cs,TRUE,FALSE,FALSE,Singleton-heuristic;
UnityEngine.InputSystem.PlayerInputManager,Unity.InputSystem,Packages/com.unity.inputsystem/InputSystem/Plugins/PlayerInput/PlayerInputManager.cs,TRUE,FALSE,TRUE,Singleton-heuristic; Manager/Controller-heuristic;
UnityEngine.InputSystem.UI.MultiplayerEventSystem,Unity.InputSystem,Packages/com.unity.inputsystem/InputSystem/Plugins/UI/MultiplayerEventSystem.cs,FALSE,FALSE,TRUE,Manager/Controller-heuristic;
UnityEngine.Rendering.DebugUpdater,Unity.RenderPipelines.Core.Runtime,Packages/com.unity.render-pipelines.core/Runtime/Debugging/DebugUpdater.cs,TRUE,FALSE,FALSE,Singleton-heuristic;
UnityEngine.TestTools.TestRunner.PlaymodeTestsController,UnityEngine.TestRunner,Packages/com.unity.test-framework/UnityEngine.TestRunner/TestRunner/PlaymodeTestsController.cs,FALSE,FALSE,TRUE,Manager/Controller-heuristic;
CodeBaseAuditReport,Assembly-CSharp-Editor,Assets/Editor/CodeBaseAuditReport.cs,FALSE,FALSE,FALSE,
DocCodeSamples.Tests.GamepadExample,Unity.InputSystem.DocCodeSamples,Packages/com.unity.inputsystem/DocCodeSamples.Tests/GamepadExample.cs,FALSE,FALSE,FALSE,
DocCodeSamples.Tests.GamepadHapticsExample,Unity.InputSystem.DocCodeSamples,Packages/com.unity.inputsystem/DocCodeSamples.Tests/GamepadHapticsExample.cs,FALSE,FALSE,FALSE,
DynamicMeshCutter.CutterBehaviour,Assembly-CSharp,Assets/Scripts/DynamicMeshCutter/Scripts/Utility/CutterBehaviour.cs,FALSE,FALSE,FALSE,
ExplosiveBreathing,Assembly-CSharp,Assets/Werid_Mistakes/ExplosiveBreathing.cs,FALSE,FALSE,FALSE,
FluidSquirter,Assembly-CSharp,Assets/Scripts/FluidSquirter.cs,FALSE,FALSE,FALSE,
JellyMesh,Assembly-CSharp,Assets/Scripts/InteractionAndFeel/JellyMesh.cs,FALSE,FALSE,FALSE,
Obi.ObiActor,Obi,Assets/Obi/Scripts/Common/Actors/ObiActor.cs,FALSE,FALSE,FALSE,
Obi.ObiCharacter,Assembly-CSharp,Assets/Obi/Samples/Common/SampleResources/Scripts/CharacterController/ObiCharacter.cs,FALSE,FALSE,FALSE,
Obi.ObiColliderBase,Obi,Assets/Obi/Scripts/Common/Collisions/ObiColliderBase.cs,FALSE,FALSE,FALSE,
Obi.ObiContactEventDispatcher,Obi,Assets/Obi/Scripts/Common/Utils/ObiContactEventDispatcher.cs,FALSE,FALSE,FALSE,
Obi.ObiEmitterShape,Obi,Assets/Obi/Scripts/Fluid/DataStructures/ObiEmitterShape.cs,FALSE,FALSE,FALSE,
Obi.ObiEmitterShapeCube,Obi,Assets/Obi/Scripts/Fluid/DataStructures/ObiEmitterShapeCube.cs,FALSE,FALSE,FALSE,
Obi.ObiEmitterShapeImage,Obi,Assets/Obi/Scripts/Fluid/DataStructures/ObiEmitterShapeImage.cs,FALSE,FALSE,FALSE,
Obi.ObiEmitterShapeSphere,Obi,Assets/Obi/Scripts/Fluid/DataStructures/ObiEmitterShapeSphere.cs,FALSE,FALSE,FALSE,
Obi.ObiFluidSplatter,Obi,Assets/Obi/Scripts/Common/Utils/ObiFluidSplatter.cs,FALSE,FALSE,FALSE,
Obi.ObiParticleAttachment,Obi,Assets/Obi/Scripts/Common/Utils/ObiParticleAttachment.cs,FALSE,FALSE,FALSE,
Obi.ObiParticleDragger,Obi,Assets/Obi/Scripts/Common/Utils/ObiParticleDragger.cs,FALSE,FALSE,FALSE,
Obi.ObiParticleEditorDrawing,Obi.Editor,Assets/Obi/Editor/Common/Blueprints/ObiParticleEditorDrawing.cs,FALSE,FALSE,FALSE,
Obi.ObiParticlePicker,Obi,Assets/Obi/Scripts/Common/Utils/ObiParticlePicker.cs,FALSE,FALSE,FALSE,
Obi.ObiRigidbody2D,Obi,Assets/Obi/Scripts/Common/Collisions/ObiRigidbody2D.cs,FALSE,FALSE,FALSE,
Obi.ObiRigidbodyBase,Obi,Assets/Obi/Scripts/Common/Collisions/ObiRigidbodyBase.cs,FALSE,FALSE,FALSE,
Obi.ObiStitcher,Obi,Assets/Obi/Scripts/Common/Utils/ObiStitcher.cs,FALSE,FALSE,FALSE,
Obi.ObiVoidZone,Obi,Assets/Obi/Scripts/Fluid/DataStructures/ObiVoidZone.cs,FALSE,FALSE,FALSE,
Obi.Samples.ActorActorCollisionDetector,Assembly-CSharp,Assets/Obi/Samples/Common/SampleResources/Scripts/ActorActorCollisionDetector.cs,FALSE,FALSE,FALSE,
Obi.Samples.ActorBlinker,Assembly-CSharp,Assets/Obi/Samples/Common/SampleResources/Scripts/ActorBlinker.cs,FALSE,FALSE,FALSE,
Obi.Samples.ActorCOMTransform,Assembly-CSharp,Assets/Obi/Samples/Common/SampleResources/Scripts/ActorCOMTransform.cs,FALSE,FALSE,FALSE,
Obi.Samples.ActorSpawner,Assembly-CSharp,Assets/Obi/Samples/Common/SampleResources/Scripts/ActorSpawner.cs,FALSE,FALSE,FALSE,
Obi.Samples.AddRandomVelocity,Assembly-CSharp,Assets/Obi/Samples/Common/SampleResources/Scripts/AddRandomVelocity.cs,FALSE,FALSE,FALSE,
Obi.Samples.Blinker,Assembly-CSharp,Assets/Obi/Samples/Common/SampleResources/Scripts/Blinker.cs,FALSE,FALSE,FALSE,
Obi.Samples.ColliderHighlighter,Assembly-CSharp,Assets/Obi/Samples/Common/SampleResources/Scripts/ColliderHighlighter.cs,FALSE,FALSE,FALSE,
Obi.Samples.ColorFromDensity,Assembly-CSharp,Assets/Obi/Samples/Common/SampleResources/Scripts/ColorFromDensity.cs,FALSE,FALSE,FALSE,
Obi.Samples.ColorFromPhase,Assembly-CSharp,Assets/Obi/Samples/Common/SampleResources/Scripts/ColorFromPhase.cs,FALSE,FALSE,FALSE,
Obi.Samples.ColorFromVelocity,Assembly-CSharp,Assets/Obi/Samples/Common/SampleResources/Scripts/ColorFromVelocity.cs,FALSE,FALSE,FALSE,
Obi.Samples.DebugParticleFrames,Assembly-CSharp,Assets/Obi/Samples/Common/SampleResources/Scripts/DebugParticleFrames.cs,FALSE,FALSE,FALSE,
Obi.Samples.ExtrapolationCamera,Assembly-CSharp,Assets/Obi/Samples/Common/SampleResources/Scripts/ExtrapolationCamera.cs,FALSE,FALSE,FALSE,
Obi.Samples.FPSDisplay,Assembly-CSharp,Assets/Obi/Samples/Common/SampleResources/Scripts/FPSDisplay.cs,FALSE,FALSE,FALSE,
Obi.Samples.ObiActorTeleport,Assembly-CSharp,Assets/Obi/Samples/Common/SampleResources/Scripts/ObiActorTeleport.cs,FALSE,FALSE,FALSE,
Obi.Samples.ObiParticleCounter,Assembly-CSharp,Assets/Obi/Samples/Common/SampleResources/Scripts/ObiParticleCounter.cs,FALSE,FALSE,FALSE,
Obi.Samples.ObjectLimit,Assembly-CSharp,Assets/Obi/Samples/Common/SampleResources/Scripts/ObjectLimit.cs,FALSE,FALSE,FALSE,
Obi.Samples.RigidbodyMaxAngularVel,Assembly-CSharp,Assets/Obi/Samples/Common/SampleResources/Scripts/RigidbodyMaxAngularVel.cs,FALSE,FALSE,FALSE,
Obi.Samples.SlowmoToggler,Assembly-CSharp,Assets/Obi/Samples/Common/SampleResources/Scripts/SlowmoToggler.cs,FALSE,FALSE,FALSE,
Obi.Samples.WorldSpaceGravity,Assembly-CSharp,Assets/Obi/Samples/Common/SampleResources/Scripts/WorldSpaceGravity.cs,FALSE,FALSE,FALSE,
Obi.SetCategory,Obi,Assets/Obi/Scripts/Common/Utils/SetCategory.cs,FALSE,FALSE,FALSE,
ObiContactGrabber,Obi,Assets/Obi/Scripts/Common/Utils/ObiContactGrabber.cs,FALSE,FALSE,FALSE,
PrefabToPhysicsMesh,Assembly-CSharp,Assets/Scripts/PrefabToPhysicsMesh.cs,FALSE,FALSE,FALSE,
SapOnXYTether,Assembly-CSharp,Assets/Scripts/Fluids/SapOnXYTether.cs,FALSE,FALSE,FALSE,
SpriteJitter,Assembly-CSharp,Assets/Scripts/UI/SpriteJitter.cs,FALSE,FALSE,FALSE,
TMP_MotionBlur,Assembly-CSharp,Assets/Scripts/UI/TMP_MotionBlur.cs,FALSE,FALSE,FALSE,
TMPro.TMP_Dropdown,Unity.TextMeshPro,Packages/com.unity.ugui/Runtime/TMP/TMP_Dropdown.cs,FALSE,FALSE,FALSE,
TMPro.TMP_InputField,Unity.TextMeshPro,Packages/com.unity.ugui/Runtime/TMP/TMP_InputField.cs,FALSE,FALSE,FALSE,
TMPro.TMP_ScrollbarEventHandler,Unity.TextMeshPro,Packages/com.unity.ugui/Runtime/TMP/TMP_ScrollbarEventHandler.cs,FALSE,FALSE,FALSE,
TMPro.TMP_SelectionCaret,Unity.TextMeshPro,Packages/com.unity.ugui/Runtime/TMP/TMP_SelectionCaret.cs,FALSE,FALSE,FALSE,
TMPro.TMP_SpriteAnimator,Unity.TextMeshPro,Packages/com.unity.ugui/Runtime/TMP/TMP_SpriteAnimator.cs,FALSE,FALSE,FALSE,
TMPro.TMP_SubMesh,Unity.TextMeshPro,Packages/com.unity.ugui/Runtime/TMP/TMP_SubMesh.cs,FALSE,FALSE,FALSE,
TMPro.TMP_Text,Unity.TextMeshPro,Packages/com.unity.ugui/Runtime/TMP/TMP_Text.cs,FALSE,FALSE,FALSE,
TMPro.TextContainer,Unity.TextMeshPro,Packages/com.unity.ugui/Runtime/TMP/TextContainer.cs,FALSE,FALSE,FALSE,
TMPro.TextMeshPro,Unity.TextMeshPro,Packages/com.unity.ugui/Runtime/TMP/TextMeshPro.cs,FALSE,FALSE,FALSE,
Unity.AI.Navigation.NavMeshLink,Unity.AI.Navigation,Packages/com.unity.ai.navigation/Runtime/NavMeshLink.cs,FALSE,FALSE,FALSE,
Unity.AI.Navigation.NavMeshModifier,Unity.AI.Navigation,Packages/com.unity.ai.navigation/Runtime/NavMeshModifier.cs,FALSE,FALSE,FALSE,
Unity.AI.Navigation.NavMeshModifierVolume,Unity.AI.Navigation,Packages/com.unity.ai.navigation/Runtime/NavMeshModifierVolume.cs,FALSE,FALSE,FALSE,
Unity.AI.Navigation.NavMeshSurface,Unity.AI.Navigation,Packages/com.unity.ai.navigation/Runtime/NavMeshSurface.cs,FALSE,FALSE,FALSE,
Unity.PerformanceTesting.Measurements.FrameTimeMeasurement,Unity.PerformanceTesting,Packages/com.unity.test-framework.performance/Runtime/Measurements/FrametimeMeasurement.cs,FALSE,FALSE,FALSE,
Unity.PerformanceTesting.Measurements.ProfilerMarkerMeasurement,Unity.PerformanceTesting,Packages/com.unity.test-framework.performance/Runtime/Measurements/ProfilerMarkerMeasurement.cs,FALSE,FALSE,FALSE,
Unity.PerformanceTesting.PerformanceTestHelper,Unity.PerformanceTesting,Packages/com.unity.test-framework.performance/Runtime/PerformanceTestHelper.cs,FALSE,FALSE,FALSE,
Unity.VisualScripting.AnimatorMessageListener,Unity.VisualScripting.Core,Packages/com.unity.visualscripting/Runtime/VisualScripting.Core/Listeners/AnimatorMessageListener.cs,FALSE,FALSE,FALSE,
Unity.VisualScripting.CoroutineRunner,Unity.VisualScripting.Core,Packages/com.unity.visualscripting/Runtime/VisualScripting.Core/Utilities/CoroutineRunner.cs,FALSE,FALSE,FALSE,
Unity.VisualScripting.GlobalMessageListener,Unity.VisualScripting.Core,Packages/com.unity.visualscripting/Runtime/VisualScripting.Core/Listeners/GlobalMessageListener.cs,FALSE,FALSE,FALSE,
Unity.VisualScripting.LudiqBehaviour,Unity.VisualScripting.Core,Packages/com.unity.visualscripting/Runtime/VisualScripting.Core/Unity/LudiqBehaviour.cs,FALSE,FALSE,FALSE,
Unity.VisualScripting.MessageListener,Unity.VisualScripting.Core,Packages/com.unity.visualscripting/Runtime/VisualScripting.Core/Listeners/MessageListener.cs,FALSE,FALSE,FALSE,
Unity.VisualScripting.SceneVariables,Unity.VisualScripting.Core,Packages/com.unity.visualscripting/Runtime/VisualScripting.Core/Variables/SceneVariables.cs,FALSE,FALSE,FALSE,
Unity.VisualScripting.ScriptMachine,Unity.VisualScripting.Flow,Packages/com.unity.visualscripting/Runtime/VisualScripting.Flow/ScriptMachine.cs,FALSE,FALSE,FALSE,
Unity.VisualScripting.StateMachine,Unity.VisualScripting.State,Packages/com.unity.visualscripting/Runtime/VisualScripting.State/StateMachine.cs,FALSE,FALSE,FALSE,
Unity.VisualScripting.UnityMessageListener,Unity.VisualScripting.Core,Packages/com.unity.visualscripting/Runtime/VisualScripting.Core/Listeners/UnityMessageListener.cs,FALSE,FALSE,FALSE,
Unity.VisualScripting.UnityOnBecameInvisibleMessageListener,Unity.VisualScripting.Core,Packages/com.unity.visualscripting/Runtime/VisualScripting.Core/Listeners/MonoBehaviour/UnityOnBecameInvisibleMessageListener.cs,FALSE,FALSE,FALSE,
Unity.VisualScripting.UnityOnBecameVisibleMessageListener,Unity.VisualScripting.Core,Packages/com.unity.visualscripting/Runtime/VisualScripting.Core/Listeners/MonoBehaviour/UnityOnBecameVisibleMessageListener.cs,FALSE,FALSE,FALSE,
Unity.VisualScripting.UnityOnBeginDragMessageListener,Unity.VisualScripting.Core,Packages/com.unity.visualscripting/Runtime/VisualScripting.Core/Listeners/UIInterfaces/UnityOnBeginDragMessageListener.cs,FALSE,FALSE,FALSE,
Unity.VisualScripting.UnityOnButtonClickMessageListener,Unity.VisualScripting.Core,Packages/com.unity.visualscripting/Runtime/VisualScripting.Core/Listeners/UI/UnityOnButtonClickMessageListener.cs,FALSE,FALSE,FALSE,
Unity.VisualScripting.UnityOnCancelMessageListener,Unity.VisualScripting.Core,Packages/com.unity.visualscripting/Runtime/VisualScripting.Core/Listeners/UIInterfaces/UnityOnCancelMessageListener.cs,FALSE,FALSE,FALSE,
Unity.VisualScripting.UnityOnCollisionEnter2DMessageListener,Unity.VisualScripting.Core,Packages/com.unity.visualscripting/Runtime/VisualScripting.Core/Listeners/MonoBehaviour/UnityOnCollisionEnter2DMessageListener.cs,FALSE,FALSE,FALSE,
Unity.VisualScripting.UnityOnCollisionEnterMessageListener,Unity.VisualScripting.Core,Packages/com.unity.visualscripting/Runtime/VisualScripting.Core/Listeners/MonoBehaviour/UnityOnCollisionEnterMessageListener.cs,FALSE,FALSE,FALSE,
Unity.VisualScripting.UnityOnCollisionExit2DMessageListener,Unity.VisualScripting.Core,Packages/com.unity.visualscripting/Runtime/VisualScripting.Core/Listeners/MonoBehaviour/UnityOnCollisionExit2DMessageListener.cs,FALSE,FALSE,FALSE,
Unity.VisualScripting.UnityOnCollisionExitMessageListener,Unity.VisualScripting.Core,Packages/com.unity.visualscripting/Runtime/VisualScripting.Core/Listeners/MonoBehaviour/UnityOnCollisionExitMessageListener.cs,FALSE,FALSE,FALSE,
Unity.VisualScripting.UnityOnCollisionStay2DMessageListener,Unity.VisualScripting.Core,Packages/com.unity.visualscripting/Runtime/VisualScripting.Core/Listeners/MonoBehaviour/UnityOnCollisionStay2DMessageListener.cs,FALSE,FALSE,FALSE,
Unity.VisualScripting.UnityOnCollisionStayMessageListener,Unity.VisualScripting.Core,Packages/com.unity.visualscripting/Runtime/VisualScripting.Core/Listeners/MonoBehaviour/UnityOnCollisionStayMessageListener.cs,FALSE,FALSE,FALSE,
Unity.VisualScripting.UnityOnDeselectMessageListener,Unity.VisualScripting.Core,Packages/com.unity.visualscripting/Runtime/VisualScripting.Core/Listeners/UIInterfaces/UnityOnDeselectMessageListener.cs,FALSE,FALSE,FALSE,
Unity.VisualScripting.UnityOnDragMessageListener,Unity.VisualScripting.Core,Packages/com.unity.visualscripting/Runtime/VisualScripting.Core/Listeners/UIInterfaces/UnityOnDragMessageListener.cs,FALSE,FALSE,FALSE,
Unity.VisualScripting.UnityOnDropMessageListener,Unity.VisualScripting.Core,Packages/com.unity.visualscripting/Runtime/VisualScripting.Core/Listeners/UIInterfaces/UnityOnDropMessageListener.cs,FALSE,FALSE,FALSE,
Unity.VisualScripting.UnityOnDropdownValueChangedMessageListener,Unity.VisualScripting.Core,Packages/com.unity.visualscripting/Runtime/VisualScripting.Core/Listeners/UI/UnityOnDropdownValueChangedMessageListener.cs,FALSE,FALSE,FALSE,
Unity.VisualScripting.UnityOnEndDragMessageListener,Unity.VisualScripting.Core,Packages/com.unity.visualscripting/Runtime/VisualScripting.Core/Listeners/UIInterfaces/UnityOnEndDragMessageListener.cs,FALSE,FALSE,FALSE,
Unity.VisualScripting.UnityOnInputFieldEndEditMessageListener,Unity.VisualScripting.Core,Packages/com.unity.visualscripting/Runtime/VisualScripting.Core/Listeners/UI/UnityOnInputFieldEndEditMessageListener.cs,FALSE,FALSE,FALSE,
Unity.VisualScripting.UnityOnInputFieldValueChangedMessageListener,Unity.VisualScripting.Core,Packages/com.unity.visualscripting/Runtime/VisualScripting.Core/Listeners/UI/UnityOnInputFieldValueChangedMessageListener.cs,FALSE,FALSE,FALSE,
Unity.VisualScripting.UnityOnJointBreak2DMessageListener,Unity.VisualScripting.Core,Packages/com.unity.visualscripting/Runtime/VisualScripting.Core/Listeners/MonoBehaviour/UnityOnJointBreak2DMessageListener.cs,FALSE,FALSE,FALSE,
Unity.VisualScripting.UnityOnJointBreakMessageListener,Unity.VisualScripting.Core,Packages/com.unity.visualscripting/Runtime/VisualScripting.Core/Listeners/MonoBehaviour/UnityOnJointBreakMessageListener.cs,FALSE,FALSE,FALSE,
Unity.VisualScripting.UnityOnMouseDownMessageListener,Unity.VisualScripting.Core,Packages/com.unity.visualscripting/Runtime/VisualScripting.Core/Listeners/MonoBehaviour/UnityOnMouseDownMessageListener.cs,FALSE,FALSE,FALSE,
Unity.VisualScripting.UnityOnMouseDragMessageListener,Unity.VisualScripting.Core,Packages/com.unity.visualscripting/Runtime/VisualScripting.Core/Listeners/MonoBehaviour/UnityOnMouseDragMessageListener.cs,FALSE,FALSE,FALSE,
Unity.VisualScripting.UnityOnMouseEnterMessageListener,Unity.VisualScripting.Core,Packages/com.unity.visualscripting/Runtime/VisualScripting.Core/Listeners/MonoBehaviour/UnityOnMouseEnterMessageListener.cs,FALSE,FALSE,FALSE,
Unity.VisualScripting.UnityOnMouseExitMessageListener,Unity.VisualScripting.Core,Packages/com.unity.visualscripting/Runtime/VisualScripting.Core/Listeners/MonoBehaviour/UnityOnMouseExitMessageListener.cs,FALSE,FALSE,FALSE,
Unity.VisualScripting.UnityOnMouseOverMessageListener,Unity.VisualScripting.Core,Packages/com.unity.visualscripting/Runtime/VisualScripting.Core/Listeners/MonoBehaviour/UnityOnMouseOverMessageListener.cs,FALSE,FALSE,FALSE,
Unity.VisualScripting.UnityOnMouseUpAsButtonMessageListener,Unity.VisualScripting.Core,Packages/com.unity.visualscripting/Runtime/VisualScripting.Core/Listeners/MonoBehaviour/UnityOnMouseUpAsButtonMessageListener.cs,FALSE,FALSE,FALSE,
Unity.VisualScripting.UnityOnMouseUpMessageListener,Unity.VisualScripting.Core,Packages/com.unity.visualscripting/Runtime/VisualScripting.Core/Listeners/MonoBehaviour/UnityOnMouseUpMessageListener.cs,FALSE,FALSE,FALSE,
Unity.VisualScripting.UnityOnMoveMessageListener,Unity.VisualScripting.Core,Packages/com.unity.visualscripting/Runtime/VisualScripting.Core/Listeners/UIInterfaces/UnityOnMoveMessageListener.cs,FALSE,FALSE,FALSE,
Unity.VisualScripting.UnityOnParticleCollisionMessageListener,Unity.VisualScripting.Core,Packages/com.unity.visualscripting/Runtime/VisualScripting.Core/Listeners/MonoBehaviour/UnityOnParticleCollisionMessageListener.cs,FALSE,FALSE,FALSE,
Unity.VisualScripting.UnityOnPointerClickMessageListener,Unity.VisualScripting.Core,Packages/com.unity.visualscripting/Runtime/VisualScripting.Core/Listeners/UIInterfaces/UnityOnPointerClickMessageListener.cs,FALSE,FALSE,FALSE,
Unity.VisualScripting.UnityOnPointerDownMessageListener,Unity.VisualScripting.Core,Packages/com.unity.visualscripting/Runtime/VisualScripting.Core/Listeners/UIInterfaces/UnityOnPointerDownMessageListener.cs,FALSE,FALSE,FALSE,
Unity.VisualScripting.UnityOnPointerEnterMessageListener,Unity.VisualScripting.Core,Packages/com.unity.visualscripting/Runtime/VisualScripting.Core/Listeners/UIInterfaces/UnityOnPointerEnterMessageListener.cs,FALSE,FALSE,FALSE,
Unity.VisualScripting.UnityOnPointerExitMessageListener,Unity.VisualScripting.Core,Packages/com.unity.visualscripting/Runtime/VisualScripting.Core/Listeners/UIInterfaces/UnityOnPointerExitMessageListener.cs,FALSE,FALSE,FALSE,
Unity.VisualScripting.UnityOnPointerUpMessageListener,Unity.VisualScripting.Core,Packages/com.unity.visualscripting/Runtime/VisualScripting.Core/Listeners/UIInterfaces/UnityOnPointerUpMessageListener.cs,FALSE,FALSE,FALSE,
Unity.VisualScripting.UnityOnScrollMessageListener,Unity.VisualScripting.Core,Packages/com.unity.visualscripting/Runtime/VisualScripting.Core/Listeners/UIInterfaces/UnityOnScrollMessageListener.cs,FALSE,FALSE,FALSE,
Unity.VisualScripting.UnityOnScrollRectValueChangedMessageListener,Unity.VisualScripting.Core,Packages/com.unity.visualscripting/Runtime/VisualScripting.Core/Listeners/UI/UnityOnScrollRectValueChangedMessageListener.cs,FALSE,FALSE,FALSE,
Unity.VisualScripting.UnityOnScrollbarValueChangedMessageListener,Unity.VisualScripting.Core,Packages/com.unity.visualscripting/Runtime/VisualScripting.Core/Listeners/UI/UnityOnScrollbarValueChangedMessageListener.cs,FALSE,FALSE,FALSE,
Unity.VisualScripting.UnityOnSelectMessageListener,Unity.VisualScripting.Core,Packages/com.unity.visualscripting/Runtime/VisualScripting.Core/Listeners/UIInterfaces/UnityOnSelectMessageListener.cs,FALSE,FALSE,FALSE,
Unity.VisualScripting.UnityOnSliderValueChangedMessageListener,Unity.VisualScripting.Core,Packages/com.unity.visualscripting/Runtime/VisualScripting.Core/Listeners/UI/UnityOnSliderValueChangedMessageListener.cs,FALSE,FALSE,FALSE,
Unity.VisualScripting.UnityOnSubmitMessageListener,Unity.VisualScripting.Core,Packages/com.unity.visualscripting/Runtime/VisualScripting.Core/Listeners/UIInterfaces/UnityOnSubmitMessageListener.cs,FALSE,FALSE,FALSE,
Unity.VisualScripting.UnityOnToggleValueChangedMessageListener,Unity.VisualScripting.Core,Packages/com.unity.visualscripting/Runtime/VisualScripting.Core/Listeners/UI/UnityOnToggleValueChangedMessageListener.cs,FALSE,FALSE,FALSE,
Unity.VisualScripting.UnityOnTransformChildrenChangedMessageListener,Unity.VisualScripting.Core,Packages/com.unity.visualscripting/Runtime/VisualScripting.Core/Listeners/MonoBehaviour/UnityOnTransformChildrenChangedMListener.cs,FALSE,FALSE,FALSE,
Unity.VisualScripting.UnityOnTransformParentChangedMessageListener,Unity.VisualScripting.Core,Packages/com.unity.visualscripting/Runtime/VisualScripting.Core/Listeners/MonoBehaviour/UnityOnTransformParentChangedMListener.cs,FALSE,FALSE,FALSE,
Unity.VisualScripting.UnityOnTriggerEnter2DMessageListener,Unity.VisualScripting.Core,Packages/com.unity.visualscripting/Runtime/VisualScripting.Core/Listeners/MonoBehaviour/UnityOnTriggerEnter2DMListener.cs,FALSE,FALSE,FALSE,
Unity.VisualScripting.UnityOnTriggerEnterMessageListener,Unity.VisualScripting.Core,Packages/com.unity.visualscripting/Runtime/VisualScripting.Core/Listeners/MonoBehaviour/UnityOnTriggerEnterMessageListener.cs,FALSE,FALSE,FALSE,
Unity.VisualScripting.UnityOnTriggerExit2DMessageListener,Unity.VisualScripting.Core,Packages/com.unity.visualscripting/Runtime/VisualScripting.Core/Listeners/MonoBehaviour/UnityOnTriggerExit2DMListener.cs,FALSE,FALSE,FALSE,
Unity.VisualScripting.UnityOnTriggerExitMessageListener,Unity.VisualScripting.Core,Packages/com.unity.visualscripting/Runtime/VisualScripting.Core/Listeners/MonoBehaviour/UnityOnTriggerExitMListener.cs,FALSE,FALSE,FALSE,
Unity.VisualScripting.UnityOnTriggerStay2DMessageListener,Unity.VisualScripting.Core,Packages/com.unity.visualscripting/Runtime/VisualScripting.Core/Listeners/MonoBehaviour/UnityOnTriggerStay2DMListener.cs,FALSE,FALSE,FALSE,
Unity.VisualScripting.UnityOnTriggerStayMessageListener,Unity.VisualScripting.Core,Packages/com.unity.visualscripting/Runtime/VisualScripting.Core/Listeners/MonoBehaviour/UnityOnTriggerStayMListener.cs,FALSE,FALSE,FALSE,
Unity.VisualScripting.Variables,Unity.VisualScripting.Core,Packages/com.unity.visualscripting/Runtime/VisualScripting.Core/Variables/Variables.cs,FALSE,FALSE,FALSE,
Unity.VisualScripting.VariablesSaver,Unity.VisualScripting.Core,Packages/com.unity.visualscripting/Runtime/VisualScripting.Core/Variables/VariablesSaver.cs,FALSE,FALSE,FALSE,
UnityEngine.EventSystems.BaseInput,UnityEngine.UI,Packages/com.unity.ugui/Runtime/UGUI/EventSystem/InputModules/BaseInput.cs,FALSE,FALSE,FALSE,
UnityEngine.EventSystems.BaseInputModule,UnityEngine.UI,Packages/com.unity.ugui/Runtime/UGUI/EventSystem/InputModules/BaseInputModule.cs,FALSE,FALSE,FALSE,
UnityEngine.EventSystems.BaseRaycaster,UnityEngine.UI,Packages/com.unity.ugui/Runtime/UGUI/EventSystem/Raycasters/BaseRaycaster.cs,FALSE,FALSE,FALSE,
UnityEngine.EventSystems.EventTrigger,UnityEngine.UI,Packages/com.unity.ugui/Runtime/UGUI/EventSystem/EventTrigger.cs,FALSE,FALSE,FALSE,
UnityEngine.EventSystems.Physics2DRaycaster,UnityEngine.UI,Packages/com.unity.ugui/Runtime/UGUI/EventSystem/Raycasters/Physics2DRaycaster.cs,FALSE,FALSE,FALSE,
UnityEngine.EventSystems.PhysicsRaycaster,UnityEngine.UI,Packages/com.unity.ugui/Runtime/UGUI/EventSystem/Raycasters/PhysicsRaycaster.cs,FALSE,FALSE,FALSE,
UnityEngine.EventSystems.PointerInputModule,UnityEngine.UI,Packages/com.unity.ugui/Runtime/UGUI/EventSystem/InputModules/PointerInputModule.cs,FALSE,FALSE,FALSE,
UnityEngine.EventSystems.TouchInputModule,UnityEngine.UI,Packages/com.unity.ugui/Runtime/UGUI/EventSystem/InputModules/TouchInputModule.cs,FALSE,FALSE,FALSE,
UnityEngine.EventSystems.UIBehaviour,UnityEngine.UI,Packages/com.unity.ugui/Runtime/UGUI/EventSystem/UIBehaviour.cs,FALSE,FALSE,FALSE,
UnityEngine.InputSystem.OnScreen.OnScreenButton,Unity.InputSystem,Packages/com.unity.inputsystem/InputSystem/Plugins/OnScreen/OnScreenButton.cs,FALSE,FALSE,FALSE,
UnityEngine.InputSystem.OnScreen.OnScreenControl,Unity.InputSystem,Packages/com.unity.inputsystem/InputSystem/Plugins/OnScreen/OnScreenControl.cs,FALSE,FALSE,FALSE,
UnityEngine.InputSystem.OnScreen.OnScreenStick,Unity.InputSystem,Packages/com.unity.inputsystem/InputSystem/Plugins/OnScreen/OnScreenStick.cs,FALSE,FALSE,FALSE,
UnityEngine.InputSystem.PlayerInput,Unity.InputSystem,Packages/com.unity.inputsystem/InputSystem/Plugins/PlayerInput/PlayerInput.cs,FALSE,FALSE,FALSE,
UnityEngine.InputSystem.UI.BaseInputOverride,Unity.InputSystem,Packages/com.unity.inputsystem/InputSystem/Plugins/UI/BaseInputOverride.cs,FALSE,FALSE,FALSE,
UnityEngine.InputSystem.UI.TrackedDeviceRaycaster,Unity.InputSystem,Packages/com.unity.inputsystem/InputSystem/Plugins/UI/TrackedDeviceRaycaster.cs,FALSE,FALSE,FALSE,
UnityEngine.InputSystem.UI.VirtualMouseInput,Unity.InputSystem,Packages/com.unity.inputsystem/InputSystem/Plugins/UI/VirtualMouseInput.cs,FALSE,FALSE,FALSE,
UnityEngine.InputSystem.XR.TrackedPoseDriver,Unity.InputSystem,Packages/com.unity.inputsystem/InputSystem/Plugins/XR/TrackedPoseDriver.cs,FALSE,FALSE,FALSE,
UnityEngine.LightAnchor,Unity.RenderPipelines.Core.Runtime,Packages/com.unity.render-pipelines.core/Runtime/Lights/LightAnchor.cs,FALSE,FALSE,FALSE,
UnityEngine.Rendering.CameraSwitcher,Unity.RenderPipelines.Core.Runtime,Packages/com.unity.render-pipelines.core/Runtime/Camera/CameraSwitcher.cs,FALSE,FALSE,FALSE,
UnityEngine.Rendering.DisallowGPUDrivenRendering,Unity.RenderPipelines.GPUDriven.Runtime,Packages/com.unity.render-pipelines.core/Runtime/GPUDriven/Components/DisallowGPUDrivenRendering.cs,FALSE,FALSE,FALSE,
UnityEngine.Rendering.DisallowSmallMeshCulling,Unity.RenderPipelines.GPUDriven.Runtime,Packages/com.unity.render-pipelines.core/Runtime/GPUDriven/Components/DisallowSmallMeshCulling.cs,FALSE,FALSE,FALSE,
UnityEngine.Rendering.FreeCamera,Unity.RenderPipelines.Core.Runtime,Packages/com.unity.render-pipelines.core/Runtime/Camera/FreeCamera.cs,FALSE,FALSE,FALSE,
UnityEngine.Rendering.LensFlareComponentSRP,Unity.RenderPipelines.Core.Runtime,Packages/com.unity.render-pipelines.core/Runtime/PostProcessing/LensFlareComponentSRP.cs,FALSE,FALSE,FALSE,
UnityEngine.Rendering.ProbeAdjustmentVolume,Unity.RenderPipelines.Core.Runtime,Packages/com.unity.render-pipelines.core/Runtime/Lighting/ProbeVolume/ProbeAdjustmentVolume.cs,FALSE,FALSE,FALSE,
UnityEngine.Rendering.ProbeVolume,Unity.RenderPipelines.Core.Runtime,Packages/com.unity.render-pipelines.core/Runtime/Lighting/ProbeVolume/ProbeVolume.cs,FALSE,FALSE,FALSE,
UnityEngine.Rendering.ProbeVolumePerSceneData,Unity.RenderPipelines.Core.Runtime,Packages/com.unity.render-pipelines.core/Runtime/Lighting/ProbeVolume/ProbeVolumePerSceneData.cs,FALSE,FALSE,FALSE,
UnityEngine.Rendering.SceneRenderPipeline,Unity.RenderPipelines.Core.Runtime,Packages/com.unity.render-pipelines.core/Runtime/Utilities/SceneRenderPipeline.cs,FALSE,FALSE,FALSE,
UnityEngine.Rendering.UI.DebugUIHandlerBitField,Unity.RenderPipelines.Core.Runtime,Packages/com.unity.render-pipelines.core/Runtime/Debugging/Prefabs/Scripts/DebugUIHandlerBitField.cs,FALSE,FALSE,FALSE,
UnityEngine.Rendering.UI.DebugUIHandlerButton,Unity.RenderPipelines.Core.Runtime,Packages/com.unity.render-pipelines.core/Runtime/Debugging/Prefabs/Scripts/DebugUIHandlerButton.cs,FALSE,FALSE,FALSE,
UnityEngine.Rendering.UI.DebugUIHandlerCanvas,Unity.RenderPipelines.Core.Runtime,Packages/com.unity.render-pipelines.core/Runtime/Debugging/Prefabs/Scripts/DebugUIHandlerCanvas.cs,FALSE,FALSE,FALSE,
UnityEngine.Rendering.UI.DebugUIHandlerColor,Unity.RenderPipelines.Core.Runtime,Packages/com.unity.render-pipelines.core/Runtime/Debugging/Prefabs/Scripts/DebugUIHandlerColor.cs,FALSE,FALSE,FALSE,
UnityEngine.Rendering.UI.DebugUIHandlerContainer,Unity.RenderPipelines.Core.Runtime,Packages/com.unity.render-pipelines.core/Runtime/Debugging/Prefabs/Scripts/DebugUIHandlerContainer.cs,FALSE,FALSE,FALSE,
UnityEngine.Rendering.UI.DebugUIHandlerEnumField,Unity.RenderPipelines.Core.Runtime,Packages/com.unity.render-pipelines.core/Runtime/Debugging/Prefabs/Scripts/DebugUIHandlerEnumField.cs,FALSE,FALSE,FALSE,
UnityEngine.Rendering.UI.DebugUIHandlerEnumHistory,Unity.RenderPipelines.Core.Runtime,Packages/com.unity.render-pipelines.core/Runtime/Debugging/Prefabs/Scripts/DebugUIHandlerEnumHistory.cs,FALSE,FALSE,FALSE,
UnityEngine.Rendering.UI.DebugUIHandlerFloatField,Unity.RenderPipelines.Core.Runtime,Packages/com.unity.render-pipelines.core/Runtime/Debugging/Prefabs/Scripts/DebugUIHandlerFloatField.cs,FALSE,FALSE,FALSE,
UnityEngine.Rendering.UI.DebugUIHandlerFoldout,Unity.RenderPipelines.Core.Runtime,Packages/com.unity.render-pipelines.core/Runtime/Debugging/Prefabs/Scripts/DebugUIHandlerFoldout.cs,FALSE,FALSE,FALSE,
UnityEngine.Rendering.UI.DebugUIHandlerGroup,Unity.RenderPipelines.Core.Runtime,Packages/com.unity.render-pipelines.core/Runtime/Debugging/Prefabs/Scripts/DebugUIHandlerGroup.cs,FALSE,FALSE,FALSE,
UnityEngine.Rendering.UI.DebugUIHandlerHBox,Unity.RenderPipelines.Core.Runtime,Packages/com.unity.render-pipelines.core/Runtime/Debugging/Prefabs/Scripts/DebugUIHandlerHBox.cs,FALSE,FALSE,FALSE,
UnityEngine.Rendering.UI.DebugUIHandlerIndirectFloatField,Unity.RenderPipelines.Core.Runtime,Packages/com.unity.render-pipelines.core/Runtime/Debugging/Prefabs/Scripts/DebugUIHandlerIndirectFloatField.cs,FALSE,FALSE,FALSE,
UnityEngine.Rendering.UI.DebugUIHandlerIndirectToggle,Unity.RenderPipelines.Core.Runtime,Packages/com.unity.render-pipelines.core/Runtime/Debugging/Prefabs/Scripts/DebugUIHandlerIndirectToggle.cs,FALSE,FALSE,FALSE,
UnityEngine.Rendering.UI.DebugUIHandlerIntField,Unity.RenderPipelines.Core.Runtime,Packages/com.unity.render-pipelines.core/Runtime/Debugging/Prefabs/Scripts/DebugUIHandlerIntField.cs,FALSE,FALSE,FALSE,
UnityEngine.Rendering.UI.DebugUIHandlerMessageBox,Unity.RenderPipelines.Core.Runtime,Packages/com.unity.render-pipelines.core/Runtime/Debugging/Prefabs/Scripts/DebugUIHandlerMessageBox.cs,FALSE,FALSE,FALSE,
UnityEngine.Rendering.UI.DebugUIHandlerObject,Unity.RenderPipelines.Core.Runtime,Packages/com.unity.render-pipelines.core/Runtime/Debugging/Prefabs/Scripts/DebugUIHandlerObject.cs,FALSE,FALSE,FALSE,
UnityEngine.Rendering.UI.DebugUIHandlerObjectList,Unity.RenderPipelines.Core.Runtime,Packages/com.unity.render-pipelines.core/Runtime/Debugging/Prefabs/Scripts/DebugUIHandlerObjectList.cs,FALSE,FALSE,FALSE,
UnityEngine.Rendering.UI.DebugUIHandlerObjectPopupField,Unity.RenderPipelines.Core.Runtime,Packages/com.unity.render-pipelines.core/Runtime/Debugging/Prefabs/Scripts/DebugUIHandlerObjectPopupField.cs,FALSE,FALSE,FALSE,
UnityEngine.Rendering.UI.DebugUIHandlerPanel,Unity.RenderPipelines.Core.Runtime,Packages/com.unity.render-pipelines.core/Runtime/Debugging/Prefabs/Scripts/DebugUIHandlerPanel.cs,FALSE,FALSE,FALSE,
UnityEngine.Rendering.UI.DebugUIHandlerPersistentCanvas,Unity.RenderPipelines.Core.Runtime,Packages/com.unity.render-pipelines.core/Runtime/Debugging/Prefabs/Scripts/DebugUIHandlerPersistentCanvas.cs,FALSE,FALSE,FALSE,
UnityEngine.Rendering.UI.DebugUIHandlerProgressBar,Unity.RenderPipelines.Core.Runtime,Packages/com.unity.render-pipelines.core/Runtime/Debugging/Prefabs/Scripts/DebugUIHandlerProgressBar.cs,FALSE,FALSE,FALSE,
UnityEngine.Rendering.UI.DebugUIHandlerRenderingLayerField,Unity.RenderPipelines.Core.Runtime,Packages/com.unity.render-pipelines.core/Runtime/Debugging/Prefabs/Scripts/DebugUIHandlerRenderingLayerField.cs,FALSE,FALSE,FALSE,
UnityEngine.Rendering.UI.DebugUIHandlerRow,Unity.RenderPipelines.Core.Runtime,Packages/com.unity.render-pipelines.core/Runtime/Debugging/Prefabs/Scripts/DebugUIHandlerRow.cs,FALSE,FALSE,FALSE,
UnityEngine.Rendering.UI.DebugUIHandlerToggle,Unity.RenderPipelines.Core.Runtime,Packages/com.unity.render-pipelines.core/Runtime/Debugging/Prefabs/Scripts/DebugUIHandlerToggle.cs,FALSE,FALSE,FALSE,
UnityEngine.Rendering.UI.DebugUIHandlerToggleHistory,Unity.RenderPipelines.Core.Runtime,Packages/com.unity.render-pipelines.core/Runtime/Debugging/Prefabs/Scripts/DebugUIHandlerToggleHistory.cs,FALSE,FALSE,FALSE,
UnityEngine.Rendering.UI.DebugUIHandlerUIntField,Unity.RenderPipelines.Core.Runtime,Packages/com.unity.render-pipelines.core/Runtime/Debugging/Prefabs/Scripts/DebugUIHandlerUIntField.cs,FALSE,FALSE,FALSE,
UnityEngine.Rendering.UI.DebugUIHandlerVBox,Unity.RenderPipelines.Core.Runtime,Packages/com.unity.render-pipelines.core/Runtime/Debugging/Prefabs/Scripts/DebugUIHandlerVBox.cs,FALSE,FALSE,FALSE,
UnityEngine.Rendering.UI.DebugUIHandlerValue,Unity.RenderPipelines.Core.Runtime,Packages/com.unity.render-pipelines.core/Runtime/Debugging/Prefabs/Scripts/DebugUIHandlerValue.cs,FALSE,FALSE,FALSE,
UnityEngine.Rendering.UI.DebugUIHandlerValueTuple,Unity.RenderPipelines.Core.Runtime,Packages/com.unity.render-pipelines.core/Runtime/Debugging/Prefabs/Scripts/DebugUIHandlerValueTuple.cs,FALSE,FALSE,FALSE,
UnityEngine.Rendering.UI.DebugUIHandlerVector2,Unity.RenderPipelines.Core.Runtime,Packages/com.unity.render-pipelines.core/Runtime/Debugging/Prefabs/Scripts/DebugUIHandlerVector2.cs,FALSE,FALSE,FALSE,
UnityEngine.Rendering.UI.DebugUIHandlerVector3,Unity.RenderPipelines.Core.Runtime,Packages/com.unity.render-pipelines.core/Runtime/Debugging/Prefabs/Scripts/DebugUIHandlerVector3.cs,FALSE,FALSE,FALSE,
UnityEngine.Rendering.UI.DebugUIHandlerVector4,Unity.RenderPipelines.Core.Runtime,Packages/com.unity.render-pipelines.core/Runtime/Debugging/Prefabs/Scripts/DebugUIHandlerVector4.cs,FALSE,FALSE,FALSE,
UnityEngine.Rendering.UI.DebugUIHandlerWidget,Unity.RenderPipelines.Core.Runtime,Packages/com.unity.render-pipelines.core/Runtime/Debugging/Prefabs/Scripts/DebugUIHandlerWidget.cs,FALSE,FALSE,FALSE,
UnityEngine.Rendering.UI.UIFoldout,Unity.RenderPipelines.Core.Runtime,Packages/com.unity.render-pipelines.core/Runtime/Debugging/Prefabs/Scripts/UIFoldout.cs,FALSE,FALSE,FALSE,
UnityEngine.Rendering.Universal.CinemachineUniversalPixelPerfect,Unity.RenderPipelines.Universal.2D.Runtime,Packages/com.unity.render-pipelines.universal/Runtime/2D/CinemachineUniversalPixelPerfect.cs,FALSE,FALSE,FALSE,
UnityEngine.Rendering.Universal.CompositeShadowCaster2D,Unity.RenderPipelines.Universal.2D.Runtime,Packages/com.unity.render-pipelines.universal/Runtime/2D/Shadows/CompositeShadowCaster2D.cs,FALSE,FALSE,FALSE,
UnityEngine.Rendering.Universal.DecalProjector,Unity.RenderPipelines.Universal.Runtime,Packages/com.unity.render-pipelines.universal/Runtime/Decal/DecalProjector.cs,FALSE,FALSE,FALSE,
UnityEngine.Rendering.Universal.Light2D,Unity.RenderPipelines.Universal.2D.Runtime,Packages/com.unity.render-pipelines.universal/Runtime/2D/Light2D.cs,FALSE,FALSE,FALSE,
UnityEngine.Rendering.Universal.PixelPerfectCamera,Unity.RenderPipelines.Universal.2D.Runtime,Packages/com.unity.render-pipelines.universal/Runtime/2D/PixelPerfectCamera.cs,FALSE,FALSE,FALSE,
UnityEngine.Rendering.Universal.ShadowCaster2D,Unity.RenderPipelines.Universal.2D.Runtime,Packages/com.unity.render-pipelines.universal/Runtime/2D/Shadows/ShadowCaster2D.cs,FALSE,FALSE,FALSE,
UnityEngine.Rendering.Universal.ShadowCasterGroup2D,Unity.RenderPipelines.Universal.2D.Runtime,Packages/com.unity.render-pipelines.universal/Runtime/2D/Shadows/ShadowCasterGroup2D.cs,FALSE,FALSE,FALSE,
UnityEngine.TestTools.TestRunner.Callbacks.PlayModeRunnerCallback,UnityEngine.TestRunner,Packages/com.unity.test-framework/UnityEngine.TestRunner/TestRunner/Callbacks/PlayModeRunnerCallback.cs,FALSE,FALSE,FALSE,
UnityEngine.TestTools.TestRunner.Callbacks.PlayerQuitHandler,UnityEngine.TestRunner,Packages/com.unity.test-framework/UnityEngine.TestRunner/TestRunner/Callbacks/PlayerQuitHandler.cs,FALSE,FALSE,FALSE,
UnityEngine.TestTools.TestRunner.Callbacks.RemoteTestResultSender,UnityEngine.TestRunner,Packages/com.unity.test-framework/UnityEngine.TestRunner/TestRunner/Callbacks/RemoteTestResultSender.cs,FALSE,FALSE,FALSE,
UnityEngine.TestTools.TestRunner.Callbacks.TestResultRendererCallback,UnityEngine.TestRunner,Packages/com.unity.test-framework/UnityEngine.TestRunner/TestRunner/Callbacks/TestResultRendererCallback.cs,FALSE,FALSE,FALSE,
UnityEngine.Timeline.SignalReceiver,Unity.Timeline,Packages/com.unity.timeline/Runtime/Events/Signals/SignalReceiver.cs,FALSE,FALSE,FALSE,
UnityEngine.UI.AspectRatioFitter,UnityEngine.UI,Packages/com.unity.ugui/Runtime/UGUI/UI/Core/Layout/AspectRatioFitter.cs,FALSE,FALSE,FALSE,
UnityEngine.UI.BaseMeshEffect,UnityEngine.UI,Packages/com.unity.ugui/Runtime/UGUI/UI/Core/VertexModifiers/BaseMeshEffect.cs,FALSE,FALSE,FALSE,
UnityEngine.UI.ContentSizeFitter,UnityEngine.UI,Packages/com.unity.ugui/Runtime/UGUI/UI/Core/Layout/ContentSizeFitter.cs,FALSE,FALSE,FALSE,
UnityEngine.UI.Dropdown,UnityEngine.UI,Packages/com.unity.ugui/Runtime/UGUI/UI/Core/Dropdown.cs,FALSE,FALSE,FALSE,
UnityEngine.UI.Graphic,UnityEngine.UI,Packages/com.unity.ugui/Runtime/UGUI/UI/Core/Graphic.cs,FALSE,FALSE,FALSE,
UnityEngine.UI.GridLayoutGroup,UnityEngine.UI,Packages/com.unity.ugui/Runtime/UGUI/UI/Core/Layout/GridLayoutGroup.cs,FALSE,FALSE,FALSE,
UnityEngine.UI.HorizontalLayoutGroup,UnityEngine.UI,Packages/com.unity.ugui/Runtime/UGUI/UI/Core/Layout/HorizontalLayoutGroup.cs,FALSE,FALSE,FALSE,
UnityEngine.UI.HorizontalOrVerticalLayoutGroup,UnityEngine.UI,Packages/com.unity.ugui/Runtime/UGUI/UI/Core/Layout/HorizontalOrVerticalLayoutGroup.cs,FALSE,FALSE,FALSE,
UnityEngine.UI.InputField,UnityEngine.UI,Packages/com.unity.ugui/Runtime/UGUI/UI/Core/InputField.cs,FALSE,FALSE,FALSE,
UnityEngine.UI.LayoutGroup,UnityEngine.UI,Packages/com.unity.ugui/Runtime/UGUI/UI/Core/Layout/LayoutGroup.cs,FALSE,FALSE,FALSE,
UnityEngine.UI.Mask,UnityEngine.UI,Packages/com.unity.ugui/Runtime/UGUI/UI/Core/Mask.cs,FALSE,FALSE,FALSE,
UnityEngine.UI.MaskableGraphic,UnityEngine.UI,Packages/com.unity.ugui/Runtime/UGUI/UI/Core/MaskableGraphic.cs,FALSE,FALSE,FALSE,
UnityEngine.UI.Outline,UnityEngine.UI,Packages/com.unity.ugui/Runtime/UGUI/UI/Core/VertexModifiers/Outline.cs,FALSE,FALSE,FALSE,
UnityEngine.UI.PositionAsUV1,UnityEngine.UI,Packages/com.unity.ugui/Runtime/UGUI/UI/Core/VertexModifiers/PositionAsUV1.cs,FALSE,FALSE,FALSE,
UnityEngine.UI.RawImage,UnityEngine.UI,Packages/com.unity.ugui/Runtime/UGUI/UI/Core/RawImage.cs,FALSE,FALSE,FALSE,
UnityEngine.UI.RectMask2D,UnityEngine.UI,Packages/com.unity.ugui/Runtime/UGUI/UI/Core/RectMask2D.cs,FALSE,FALSE,FALSE,
UnityEngine.UI.ScrollRect,UnityEngine.UI,Packages/com.unity.ugui/Runtime/UGUI/UI/Core/ScrollRect.cs,FALSE,FALSE,FALSE,
UnityEngine.UI.Scrollbar,UnityEngine.UI,Packages/com.unity.ugui/Runtime/UGUI/UI/Core/Scrollbar.cs,FALSE,FALSE,FALSE,
UnityEngine.UI.Selectable,UnityEngine.UI,Packages/com.unity.ugui/Runtime/UGUI/UI/Core/Selectable.cs,FALSE,FALSE,FALSE,
UnityEngine.UI.Slider,UnityEngine.UI,Packages/com.unity.ugui/Runtime/UGUI/UI/Core/Slider.cs,FALSE,FALSE,FALSE,
UnityEngine.UI.Toggle,UnityEngine.UI,Packages/com.unity.ugui/Runtime/UGUI/UI/Core/Toggle.cs,FALSE,FALSE,FALSE,
UnityEngine.UI.ToggleGroup,UnityEngine.UI,Packages/com.unity.ugui/Runtime/UGUI/UI/Core/ToggleGroup.cs,FALSE,FALSE,FALSE,
UnityEngine.UI.VerticalLayoutGroup,UnityEngine.UI,Packages/com.unity.ugui/Runtime/UGUI/UI/Core/Layout/VerticalLayoutGroup.cs,FALSE,FALSE,FALSE,
UnityEngine.UIElements.PanelEventHandler,UnityEngine.UI,Packages/com.unity.ugui/Runtime/UGUI/EventSystem/UIElements/PanelEventHandler.cs,FALSE,FALSE,FALSE,
UnityEngine.UIElements.PanelRaycaster,UnityEngine.UI,Packages/com.unity.ugui/Runtime/UGUI/EventSystem/UIElements/PanelRaycaster.cs,FALSE,FALSE,FALSE,
UnityEngine.UIElements.WorldDocumentRaycaster,UnityEngine.UI,Packages/com.unity.ugui/Runtime/UGUI/EventSystem/UIElements/WorldDocumentRaycaster.cs,FALSE,FALSE,FALSE,
